topicId,rank,docId,filename
0,0,50,file:/C:/Users/starl/Desktop/TopicModelingTool/TopicModelingTool/input/s4e4.txt
0,1,51,file:/C:/Users/starl/Desktop/TopicModelingTool/TopicModelingTool/input/s4e5.txt
0,2,60,file:/C:/Users/starl/Desktop/TopicModelingTool/TopicModelingTool/input/s4spec5.txt
0,3,52,file:/C:/Users/starl/Desktop/TopicModelingTool/TopicModelingTool/input/s4e6.txt
0,4,6,file:/C:/Users/starl/Desktop/TopicModelingTool/TopicModelingTool/input/s1e3.txt
0,5,41,file:/C:/Users/starl/Desktop/TopicModelingTool/TopicModelingTool/input/s3e9.txt
0,6,40,file:/C:/Users/starl/Desktop/TopicModelingTool/TopicModelingTool/input/s3e8.txt
0,7,59,file:/C:/Users/starl/Desktop/TopicModelingTool/TopicModelingTool/input/s4spec4.txt
0,8,47,file:/C:/Users/starl/Desktop/TopicModelingTool/TopicModelingTool/input/s4e13.txt
0,9,32,file:/C:/Users/starl/Desktop/TopicModelingTool/TopicModelingTool/input/s3e12.txt
0,10,19,file:/C:/Users/starl/Desktop/TopicModelingTool/TopicModelingTool/input/s2e2.txt
0,11,33,file:/C:/Users/starl/Desktop/TopicModelingTool/TopicModelingTool/input/s3e13.txt
0,12,46,file:/C:/Users/starl/Desktop/TopicModelingTool/TopicModelingTool/input/s4e12.txt
0,13,45,file:/C:/Users/starl/Desktop/TopicModelingTool/TopicModelingTool/input/s4e11.txt
0,14,56,file:/C:/Users/starl/Desktop/TopicModelingTool/TopicModelingTool/input/s4spec1.txt
0,15,22,file:/C:/Users/starl/Desktop/TopicModelingTool/TopicModelingTool/input/s2e5.txt
0,16,8,file:/C:/Users/starl/Desktop/TopicModelingTool/TopicModelingTool/input/s1e5.txt
0,17,9,file:/C:/Users/starl/Desktop/TopicModelingTool/TopicModelingTool/input/s1e6.txt
0,18,31,file:/C:/Users/starl/Desktop/TopicModelingTool/TopicModelingTool/input/s3e11.txt
0,19,58,file:/C:/Users/starl/Desktop/TopicModelingTool/TopicModelingTool/input/s4spec3.txt
0,20,53,file:/C:/Users/starl/Desktop/TopicModelingTool/TopicModelingTool/input/s4e7.txt
0,21,42,file:/C:/Users/starl/Desktop/TopicModelingTool/TopicModelingTool/input/s3xmas.txt
0,22,26,file:/C:/Users/starl/Desktop/TopicModelingTool/TopicModelingTool/input/s2e9.txt
0,23,20,file:/C:/Users/starl/Desktop/TopicModelingTool/TopicModelingTool/input/s2e3.txt
0,24,17,file:/C:/Users/starl/Desktop/TopicModelingTool/TopicModelingTool/input/s2e12.txt
0,25,16,file:/C:/Users/starl/Desktop/TopicModelingTool/TopicModelingTool/input/s2e11.txt
0,26,48,file:/C:/Users/starl/Desktop/TopicModelingTool/TopicModelingTool/input/s4e2.txt
0,27,57,file:/C:/Users/starl/Desktop/TopicModelingTool/TopicModelingTool/input/s4spec2.txt
0,28,4,file:/C:/Users/starl/Desktop/TopicModelingTool/TopicModelingTool/input/s1e13.txt
0,29,37,file:/C:/Users/starl/Desktop/TopicModelingTool/TopicModelingTool/input/s3e5.txt
0,30,61,file:/C:/Users/starl/Desktop/TopicModelingTool/TopicModelingTool/input/s4xmas.txt
0,31,36,file:/C:/Users/starl/Desktop/TopicModelingTool/TopicModelingTool/input/s3e4.txt
0,32,27,file:/C:/Users/starl/Desktop/TopicModelingTool/TopicModelingTool/input/s2xmas.txt
0,33,7,file:/C:/Users/starl/Desktop/TopicModelingTool/TopicModelingTool/input/s1e4.txt
0,34,49,file:/C:/Users/starl/Desktop/TopicModelingTool/TopicModelingTool/input/s4e3.txt
0,35,21,file:/C:/Users/starl/Desktop/TopicModelingTool/TopicModelingTool/input/s2e4.txt
0,36,3,file:/C:/Users/starl/Desktop/TopicModelingTool/TopicModelingTool/input/s1e12.txt
0,37,29,file:/C:/Users/starl/Desktop/TopicModelingTool/TopicModelingTool/input/s3e1.txt
0,38,55,file:/C:/Users/starl/Desktop/TopicModelingTool/TopicModelingTool/input/s4e9.txt
0,39,43,file:/C:/Users/starl/Desktop/TopicModelingTool/TopicModelingTool/input/s4e1.txt
0,40,35,file:/C:/Users/starl/Desktop/TopicModelingTool/TopicModelingTool/input/s3e3.txt
0,41,13,file:/C:/Users/starl/Desktop/TopicModelingTool/TopicModelingTool/input/s1webisode.txt
0,42,23,file:/C:/Users/starl/Desktop/TopicModelingTool/TopicModelingTool/input/s2e6.txt
0,43,14,file:/C:/Users/starl/Desktop/TopicModelingTool/TopicModelingTool/input/s2e1.txt
0,44,5,file:/C:/Users/starl/Desktop/TopicModelingTool/TopicModelingTool/input/s1e2.txt
0,45,1,file:/C:/Users/starl/Desktop/TopicModelingTool/TopicModelingTool/input/s1e10.txt
0,46,39,file:/C:/Users/starl/Desktop/TopicModelingTool/TopicModelingTool/input/s3e7.txt
0,47,38,file:/C:/Users/starl/Desktop/TopicModelingTool/TopicModelingTool/input/s3e6.txt
0,48,28,file:/C:/Users/starl/Desktop/TopicModelingTool/TopicModelingTool/input/s3comicrelief.txt
0,49,54,file:/C:/Users/starl/Desktop/TopicModelingTool/TopicModelingTool/input/s4e8.txt
0,50,34,file:/C:/Users/starl/Desktop/TopicModelingTool/TopicModelingTool/input/s3e2.txt
0,51,25,file:/C:/Users/starl/Desktop/TopicModelingTool/TopicModelingTool/input/s2e8.txt
0,52,11,file:/C:/Users/starl/Desktop/TopicModelingTool/TopicModelingTool/input/s1e8.txt
0,53,10,file:/C:/Users/starl/Desktop/TopicModelingTool/TopicModelingTool/input/s1e7.txt
0,54,2,file:/C:/Users/starl/Desktop/TopicModelingTool/TopicModelingTool/input/s1e11.txt
0,55,null,file:/C:/Users/starl/Desktop/TopicModelingTool/TopicModelingTool/input/test_sorted.txt
0,56,44,file:/C:/Users/starl/Desktop/TopicModelingTool/TopicModelingTool/input/s4e10.txt
0,57,30,file:/C:/Users/starl/Desktop/TopicModelingTool/TopicModelingTool/input/s3e10.txt
0,58,24,file:/C:/Users/starl/Desktop/TopicModelingTool/TopicModelingTool/input/s2e7.txt
0,59,18,file:/C:/Users/starl/Desktop/TopicModelingTool/TopicModelingTool/input/s2e13.txt
0,60,15,file:/C:/Users/starl/Desktop/TopicModelingTool/TopicModelingTool/input/s2e10.txt
0,61,12,file:/C:/Users/starl/Desktop/TopicModelingTool/TopicModelingTool/input/s1e9.txt
0,62,0,file:/C:/Users/starl/Desktop/TopicModelingTool/TopicModelingTool/input/s1e1.txt
1,0,57,file:/C:/Users/starl/Desktop/TopicModelingTool/TopicModelingTool/input/s4spec2.txt
1,1,35,file:/C:/Users/starl/Desktop/TopicModelingTool/TopicModelingTool/input/s3e3.txt
1,2,26,file:/C:/Users/starl/Desktop/TopicModelingTool/TopicModelingTool/input/s2e9.txt
1,3,39,file:/C:/Users/starl/Desktop/TopicModelingTool/TopicModelingTool/input/s3e7.txt
1,4,25,file:/C:/Users/starl/Desktop/TopicModelingTool/TopicModelingTool/input/s2e8.txt
1,5,14,file:/C:/Users/starl/Desktop/TopicModelingTool/TopicModelingTool/input/s2e1.txt
1,6,9,file:/C:/Users/starl/Desktop/TopicModelingTool/TopicModelingTool/input/s1e6.txt
1,7,58,file:/C:/Users/starl/Desktop/TopicModelingTool/TopicModelingTool/input/s4spec3.txt
1,8,61,file:/C:/Users/starl/Desktop/TopicModelingTool/TopicModelingTool/input/s4xmas.txt
1,9,50,file:/C:/Users/starl/Desktop/TopicModelingTool/TopicModelingTool/input/s4e4.txt
1,10,52,file:/C:/Users/starl/Desktop/TopicModelingTool/TopicModelingTool/input/s4e6.txt
1,11,8,file:/C:/Users/starl/Desktop/TopicModelingTool/TopicModelingTool/input/s1e5.txt
1,12,51,file:/C:/Users/starl/Desktop/TopicModelingTool/TopicModelingTool/input/s4e5.txt
1,13,42,file:/C:/Users/starl/Desktop/TopicModelingTool/TopicModelingTool/input/s3xmas.txt
1,14,13,file:/C:/Users/starl/Desktop/TopicModelingTool/TopicModelingTool/input/s1webisode.txt
1,15,29,file:/C:/Users/starl/Desktop/TopicModelingTool/TopicModelingTool/input/s3e1.txt
1,16,2,file:/C:/Users/starl/Desktop/TopicModelingTool/TopicModelingTool/input/s1e11.txt
1,17,31,file:/C:/Users/starl/Desktop/TopicModelingTool/TopicModelingTool/input/s3e11.txt
1,18,43,file:/C:/Users/starl/Desktop/TopicModelingTool/TopicModelingTool/input/s4e1.txt
1,19,48,file:/C:/Users/starl/Desktop/TopicModelingTool/TopicModelingTool/input/s4e2.txt
1,20,38,file:/C:/Users/starl/Desktop/TopicModelingTool/TopicModelingTool/input/s3e6.txt
1,21,54,file:/C:/Users/starl/Desktop/TopicModelingTool/TopicModelingTool/input/s4e8.txt
1,22,40,file:/C:/Users/starl/Desktop/TopicModelingTool/TopicModelingTool/input/s3e8.txt
1,23,34,file:/C:/Users/starl/Desktop/TopicModelingTool/TopicModelingTool/input/s3e2.txt
1,24,16,file:/C:/Users/starl/Desktop/TopicModelingTool/TopicModelingTool/input/s2e11.txt
1,25,44,file:/C:/Users/starl/Desktop/TopicModelingTool/TopicModelingTool/input/s4e10.txt
1,26,30,file:/C:/Users/starl/Desktop/TopicModelingTool/TopicModelingTool/input/s3e10.txt
1,27,19,file:/C:/Users/starl/Desktop/TopicModelingTool/TopicModelingTool/input/s2e2.txt
1,28,11,file:/C:/Users/starl/Desktop/TopicModelingTool/TopicModelingTool/input/s1e8.txt
1,29,56,file:/C:/Users/starl/Desktop/TopicModelingTool/TopicModelingTool/input/s4spec1.txt
1,30,49,file:/C:/Users/starl/Desktop/TopicModelingTool/TopicModelingTool/input/s4e3.txt
1,31,37,file:/C:/Users/starl/Desktop/TopicModelingTool/TopicModelingTool/input/s3e5.txt
1,32,36,file:/C:/Users/starl/Desktop/TopicModelingTool/TopicModelingTool/input/s3e4.txt
1,33,33,file:/C:/Users/starl/Desktop/TopicModelingTool/TopicModelingTool/input/s3e13.txt
1,34,24,file:/C:/Users/starl/Desktop/TopicModelingTool/TopicModelingTool/input/s2e7.txt
1,35,23,file:/C:/Users/starl/Desktop/TopicModelingTool/TopicModelingTool/input/s2e6.txt
1,36,12,file:/C:/Users/starl/Desktop/TopicModelingTool/TopicModelingTool/input/s1e9.txt
1,37,null,file:/C:/Users/starl/Desktop/TopicModelingTool/TopicModelingTool/input/test_sorted.txt
1,38,60,file:/C:/Users/starl/Desktop/TopicModelingTool/TopicModelingTool/input/s4spec5.txt
1,39,59,file:/C:/Users/starl/Desktop/TopicModelingTool/TopicModelingTool/input/s4spec4.txt
1,40,55,file:/C:/Users/starl/Desktop/TopicModelingTool/TopicModelingTool/input/s4e9.txt
1,41,53,file:/C:/Users/starl/Desktop/TopicModelingTool/TopicModelingTool/input/s4e7.txt
1,42,47,file:/C:/Users/starl/Desktop/TopicModelingTool/TopicModelingTool/input/s4e13.txt
1,43,46,file:/C:/Users/starl/Desktop/TopicModelingTool/TopicModelingTool/input/s4e12.txt
1,44,45,file:/C:/Users/starl/Desktop/TopicModelingTool/TopicModelingTool/input/s4e11.txt
1,45,41,file:/C:/Users/starl/Desktop/TopicModelingTool/TopicModelingTool/input/s3e9.txt
1,46,32,file:/C:/Users/starl/Desktop/TopicModelingTool/TopicModelingTool/input/s3e12.txt
1,47,28,file:/C:/Users/starl/Desktop/TopicModelingTool/TopicModelingTool/input/s3comicrelief.txt
1,48,27,file:/C:/Users/starl/Desktop/TopicModelingTool/TopicModelingTool/input/s2xmas.txt
1,49,22,file:/C:/Users/starl/Desktop/TopicModelingTool/TopicModelingTool/input/s2e5.txt
1,50,21,file:/C:/Users/starl/Desktop/TopicModelingTool/TopicModelingTool/input/s2e4.txt
1,51,20,file:/C:/Users/starl/Desktop/TopicModelingTool/TopicModelingTool/input/s2e3.txt
1,52,18,file:/C:/Users/starl/Desktop/TopicModelingTool/TopicModelingTool/input/s2e13.txt
1,53,17,file:/C:/Users/starl/Desktop/TopicModelingTool/TopicModelingTool/input/s2e12.txt
1,54,15,file:/C:/Users/starl/Desktop/TopicModelingTool/TopicModelingTool/input/s2e10.txt
1,55,10,file:/C:/Users/starl/Desktop/TopicModelingTool/TopicModelingTool/input/s1e7.txt
1,56,7,file:/C:/Users/starl/Desktop/TopicModelingTool/TopicModelingTool/input/s1e4.txt
1,57,6,file:/C:/Users/starl/Desktop/TopicModelingTool/TopicModelingTool/input/s1e3.txt
1,58,5,file:/C:/Users/starl/Desktop/TopicModelingTool/TopicModelingTool/input/s1e2.txt
1,59,4,file:/C:/Users/starl/Desktop/TopicModelingTool/TopicModelingTool/input/s1e13.txt
1,60,3,file:/C:/Users/starl/Desktop/TopicModelingTool/TopicModelingTool/input/s1e12.txt
1,61,1,file:/C:/Users/starl/Desktop/TopicModelingTool/TopicModelingTool/input/s1e10.txt
1,62,0,file:/C:/Users/starl/Desktop/TopicModelingTool/TopicModelingTool/input/s1e1.txt
2,0,42,file:/C:/Users/starl/Desktop/TopicModelingTool/TopicModelingTool/input/s3xmas.txt
2,1,45,file:/C:/Users/starl/Desktop/TopicModelingTool/TopicModelingTool/input/s4e11.txt
2,2,27,file:/C:/Users/starl/Desktop/TopicModelingTool/TopicModelingTool/input/s2xmas.txt
2,3,7,file:/C:/Users/starl/Desktop/TopicModelingTool/TopicModelingTool/input/s1e4.txt
2,4,29,file:/C:/Users/starl/Desktop/TopicModelingTool/TopicModelingTool/input/s3e1.txt
2,5,8,file:/C:/Users/starl/Desktop/TopicModelingTool/TopicModelingTool/input/s1e5.txt
2,6,0,file:/C:/Users/starl/Desktop/TopicModelingTool/TopicModelingTool/input/s1e1.txt
2,7,11,file:/C:/Users/starl/Desktop/TopicModelingTool/TopicModelingTool/input/s1e8.txt
2,8,15,file:/C:/Users/starl/Desktop/TopicModelingTool/TopicModelingTool/input/s2e10.txt
2,9,13,file:/C:/Users/starl/Desktop/TopicModelingTool/TopicModelingTool/input/s1webisode.txt
2,10,22,file:/C:/Users/starl/Desktop/TopicModelingTool/TopicModelingTool/input/s2e5.txt
2,11,38,file:/C:/Users/starl/Desktop/TopicModelingTool/TopicModelingTool/input/s3e6.txt
2,12,14,file:/C:/Users/starl/Desktop/TopicModelingTool/TopicModelingTool/input/s2e1.txt
2,13,43,file:/C:/Users/starl/Desktop/TopicModelingTool/TopicModelingTool/input/s4e1.txt
2,14,2,file:/C:/Users/starl/Desktop/TopicModelingTool/TopicModelingTool/input/s1e11.txt
2,15,17,file:/C:/Users/starl/Desktop/TopicModelingTool/TopicModelingTool/input/s2e12.txt
2,16,57,file:/C:/Users/starl/Desktop/TopicModelingTool/TopicModelingTool/input/s4spec2.txt
2,17,16,file:/C:/Users/starl/Desktop/TopicModelingTool/TopicModelingTool/input/s2e11.txt
2,18,40,file:/C:/Users/starl/Desktop/TopicModelingTool/TopicModelingTool/input/s3e8.txt
2,19,35,file:/C:/Users/starl/Desktop/TopicModelingTool/TopicModelingTool/input/s3e3.txt
2,20,56,file:/C:/Users/starl/Desktop/TopicModelingTool/TopicModelingTool/input/s4spec1.txt
2,21,24,file:/C:/Users/starl/Desktop/TopicModelingTool/TopicModelingTool/input/s2e7.txt
2,22,6,file:/C:/Users/starl/Desktop/TopicModelingTool/TopicModelingTool/input/s1e3.txt
2,23,61,file:/C:/Users/starl/Desktop/TopicModelingTool/TopicModelingTool/input/s4xmas.txt
2,24,60,file:/C:/Users/starl/Desktop/TopicModelingTool/TopicModelingTool/input/s4spec5.txt
2,25,59,file:/C:/Users/starl/Desktop/TopicModelingTool/TopicModelingTool/input/s4spec4.txt
2,26,58,file:/C:/Users/starl/Desktop/TopicModelingTool/TopicModelingTool/input/s4spec3.txt
2,27,51,file:/C:/Users/starl/Desktop/TopicModelingTool/TopicModelingTool/input/s4e5.txt
2,28,50,file:/C:/Users/starl/Desktop/TopicModelingTool/TopicModelingTool/input/s4e4.txt
2,29,46,file:/C:/Users/starl/Desktop/TopicModelingTool/TopicModelingTool/input/s4e12.txt
2,30,41,file:/C:/Users/starl/Desktop/TopicModelingTool/TopicModelingTool/input/s3e9.txt
2,31,26,file:/C:/Users/starl/Desktop/TopicModelingTool/TopicModelingTool/input/s2e9.txt
2,32,23,file:/C:/Users/starl/Desktop/TopicModelingTool/TopicModelingTool/input/s2e6.txt
2,33,21,file:/C:/Users/starl/Desktop/TopicModelingTool/TopicModelingTool/input/s2e4.txt
2,34,19,file:/C:/Users/starl/Desktop/TopicModelingTool/TopicModelingTool/input/s2e2.txt
2,35,null,file:/C:/Users/starl/Desktop/TopicModelingTool/TopicModelingTool/input/test_sorted.txt
2,36,55,file:/C:/Users/starl/Desktop/TopicModelingTool/TopicModelingTool/input/s4e9.txt
2,37,54,file:/C:/Users/starl/Desktop/TopicModelingTool/TopicModelingTool/input/s4e8.txt
2,38,53,file:/C:/Users/starl/Desktop/TopicModelingTool/TopicModelingTool/input/s4e7.txt
2,39,52,file:/C:/Users/starl/Desktop/TopicModelingTool/TopicModelingTool/input/s4e6.txt
2,40,49,file:/C:/Users/starl/Desktop/TopicModelingTool/TopicModelingTool/input/s4e3.txt
2,41,48,file:/C:/Users/starl/Desktop/TopicModelingTool/TopicModelingTool/input/s4e2.txt
2,42,47,file:/C:/Users/starl/Desktop/TopicModelingTool/TopicModelingTool/input/s4e13.txt
2,43,44,file:/C:/Users/starl/Desktop/TopicModelingTool/TopicModelingTool/input/s4e10.txt
2,44,39,file:/C:/Users/starl/Desktop/TopicModelingTool/TopicModelingTool/input/s3e7.txt
2,45,37,file:/C:/Users/starl/Desktop/TopicModelingTool/TopicModelingTool/input/s3e5.txt
2,46,36,file:/C:/Users/starl/Desktop/TopicModelingTool/TopicModelingTool/input/s3e4.txt
2,47,34,file:/C:/Users/starl/Desktop/TopicModelingTool/TopicModelingTool/input/s3e2.txt
2,48,33,file:/C:/Users/starl/Desktop/TopicModelingTool/TopicModelingTool/input/s3e13.txt
2,49,32,file:/C:/Users/starl/Desktop/TopicModelingTool/TopicModelingTool/input/s3e12.txt
2,50,31,file:/C:/Users/starl/Desktop/TopicModelingTool/TopicModelingTool/input/s3e11.txt
2,51,30,file:/C:/Users/starl/Desktop/TopicModelingTool/TopicModelingTool/input/s3e10.txt
2,52,28,file:/C:/Users/starl/Desktop/TopicModelingTool/TopicModelingTool/input/s3comicrelief.txt
2,53,25,file:/C:/Users/starl/Desktop/TopicModelingTool/TopicModelingTool/input/s2e8.txt
2,54,20,file:/C:/Users/starl/Desktop/TopicModelingTool/TopicModelingTool/input/s2e3.txt
2,55,18,file:/C:/Users/starl/Desktop/TopicModelingTool/TopicModelingTool/input/s2e13.txt
2,56,12,file:/C:/Users/starl/Desktop/TopicModelingTool/TopicModelingTool/input/s1e9.txt
2,57,10,file:/C:/Users/starl/Desktop/TopicModelingTool/TopicModelingTool/input/s1e7.txt
2,58,9,file:/C:/Users/starl/Desktop/TopicModelingTool/TopicModelingTool/input/s1e6.txt
2,59,5,file:/C:/Users/starl/Desktop/TopicModelingTool/TopicModelingTool/input/s1e2.txt
2,60,4,file:/C:/Users/starl/Desktop/TopicModelingTool/TopicModelingTool/input/s1e13.txt
2,61,3,file:/C:/Users/starl/Desktop/TopicModelingTool/TopicModelingTool/input/s1e12.txt
2,62,1,file:/C:/Users/starl/Desktop/TopicModelingTool/TopicModelingTool/input/s1e10.txt
3,0,61,file:/C:/Users/starl/Desktop/TopicModelingTool/TopicModelingTool/input/s4xmas.txt
3,1,10,file:/C:/Users/starl/Desktop/TopicModelingTool/TopicModelingTool/input/s1e7.txt
3,2,32,file:/C:/Users/starl/Desktop/TopicModelingTool/TopicModelingTool/input/s3e12.txt
3,3,33,file:/C:/Users/starl/Desktop/TopicModelingTool/TopicModelingTool/input/s3e13.txt
3,4,31,file:/C:/Users/starl/Desktop/TopicModelingTool/TopicModelingTool/input/s3e11.txt
3,5,5,file:/C:/Users/starl/Desktop/TopicModelingTool/TopicModelingTool/input/s1e2.txt
3,6,3,file:/C:/Users/starl/Desktop/TopicModelingTool/TopicModelingTool/input/s1e12.txt
3,7,49,file:/C:/Users/starl/Desktop/TopicModelingTool/TopicModelingTool/input/s4e3.txt
3,8,60,file:/C:/Users/starl/Desktop/TopicModelingTool/TopicModelingTool/input/s4spec5.txt
3,9,39,file:/C:/Users/starl/Desktop/TopicModelingTool/TopicModelingTool/input/s3e7.txt
3,10,46,file:/C:/Users/starl/Desktop/TopicModelingTool/TopicModelingTool/input/s4e12.txt
3,11,9,file:/C:/Users/starl/Desktop/TopicModelingTool/TopicModelingTool/input/s1e6.txt
3,12,20,file:/C:/Users/starl/Desktop/TopicModelingTool/TopicModelingTool/input/s2e3.txt
3,13,0,file:/C:/Users/starl/Desktop/TopicModelingTool/TopicModelingTool/input/s1e1.txt
3,14,27,file:/C:/Users/starl/Desktop/TopicModelingTool/TopicModelingTool/input/s2xmas.txt
3,15,4,file:/C:/Users/starl/Desktop/TopicModelingTool/TopicModelingTool/input/s1e13.txt
3,16,22,file:/C:/Users/starl/Desktop/TopicModelingTool/TopicModelingTool/input/s2e5.txt
3,17,43,file:/C:/Users/starl/Desktop/TopicModelingTool/TopicModelingTool/input/s4e1.txt
3,18,23,file:/C:/Users/starl/Desktop/TopicModelingTool/TopicModelingTool/input/s2e6.txt
3,19,29,file:/C:/Users/starl/Desktop/TopicModelingTool/TopicModelingTool/input/s3e1.txt
3,20,8,file:/C:/Users/starl/Desktop/TopicModelingTool/TopicModelingTool/input/s1e5.txt
3,21,7,file:/C:/Users/starl/Desktop/TopicModelingTool/TopicModelingTool/input/s1e4.txt
3,22,17,file:/C:/Users/starl/Desktop/TopicModelingTool/TopicModelingTool/input/s2e12.txt
3,23,56,file:/C:/Users/starl/Desktop/TopicModelingTool/TopicModelingTool/input/s4spec1.txt
3,24,38,file:/C:/Users/starl/Desktop/TopicModelingTool/TopicModelingTool/input/s3e6.txt
3,25,18,file:/C:/Users/starl/Desktop/TopicModelingTool/TopicModelingTool/input/s2e13.txt
3,26,58,file:/C:/Users/starl/Desktop/TopicModelingTool/TopicModelingTool/input/s4spec3.txt
3,27,14,file:/C:/Users/starl/Desktop/TopicModelingTool/TopicModelingTool/input/s2e1.txt
3,28,59,file:/C:/Users/starl/Desktop/TopicModelingTool/TopicModelingTool/input/s4spec4.txt
3,29,50,file:/C:/Users/starl/Desktop/TopicModelingTool/TopicModelingTool/input/s4e4.txt
3,30,47,file:/C:/Users/starl/Desktop/TopicModelingTool/TopicModelingTool/input/s4e13.txt
3,31,51,file:/C:/Users/starl/Desktop/TopicModelingTool/TopicModelingTool/input/s4e5.txt
3,32,54,file:/C:/Users/starl/Desktop/TopicModelingTool/TopicModelingTool/input/s4e8.txt
3,33,44,file:/C:/Users/starl/Desktop/TopicModelingTool/TopicModelingTool/input/s4e10.txt
3,34,26,file:/C:/Users/starl/Desktop/TopicModelingTool/TopicModelingTool/input/s2e9.txt
3,35,25,file:/C:/Users/starl/Desktop/TopicModelingTool/TopicModelingTool/input/s2e8.txt
3,36,48,file:/C:/Users/starl/Desktop/TopicModelingTool/TopicModelingTool/input/s4e2.txt
3,37,13,file:/C:/Users/starl/Desktop/TopicModelingTool/TopicModelingTool/input/s1webisode.txt
3,38,28,file:/C:/Users/starl/Desktop/TopicModelingTool/TopicModelingTool/input/s3comicrelief.txt
3,39,45,file:/C:/Users/starl/Desktop/TopicModelingTool/TopicModelingTool/input/s4e11.txt
3,40,41,file:/C:/Users/starl/Desktop/TopicModelingTool/TopicModelingTool/input/s3e9.txt
3,41,36,file:/C:/Users/starl/Desktop/TopicModelingTool/TopicModelingTool/input/s3e4.txt
3,42,40,file:/C:/Users/starl/Desktop/TopicModelingTool/TopicModelingTool/input/s3e8.txt
3,43,37,file:/C:/Users/starl/Desktop/TopicModelingTool/TopicModelingTool/input/s3e5.txt
3,44,55,file:/C:/Users/starl/Desktop/TopicModelingTool/TopicModelingTool/input/s4e9.txt
3,45,34,file:/C:/Users/starl/Desktop/TopicModelingTool/TopicModelingTool/input/s3e2.txt
3,46,1,file:/C:/Users/starl/Desktop/TopicModelingTool/TopicModelingTool/input/s1e10.txt
3,47,19,file:/C:/Users/starl/Desktop/TopicModelingTool/TopicModelingTool/input/s2e2.txt
3,48,11,file:/C:/Users/starl/Desktop/TopicModelingTool/TopicModelingTool/input/s1e8.txt
3,49,15,file:/C:/Users/starl/Desktop/TopicModelingTool/TopicModelingTool/input/s2e10.txt
3,50,6,file:/C:/Users/starl/Desktop/TopicModelingTool/TopicModelingTool/input/s1e3.txt
3,51,30,file:/C:/Users/starl/Desktop/TopicModelingTool/TopicModelingTool/input/s3e10.txt
3,52,42,file:/C:/Users/starl/Desktop/TopicModelingTool/TopicModelingTool/input/s3xmas.txt
3,53,2,file:/C:/Users/starl/Desktop/TopicModelingTool/TopicModelingTool/input/s1e11.txt
3,54,57,file:/C:/Users/starl/Desktop/TopicModelingTool/TopicModelingTool/input/s4spec2.txt
3,55,52,file:/C:/Users/starl/Desktop/TopicModelingTool/TopicModelingTool/input/s4e6.txt
3,56,35,file:/C:/Users/starl/Desktop/TopicModelingTool/TopicModelingTool/input/s3e3.txt
3,57,21,file:/C:/Users/starl/Desktop/TopicModelingTool/TopicModelingTool/input/s2e4.txt
3,58,16,file:/C:/Users/starl/Desktop/TopicModelingTool/TopicModelingTool/input/s2e11.txt
3,59,null,file:/C:/Users/starl/Desktop/TopicModelingTool/TopicModelingTool/input/test_sorted.txt
3,60,53,file:/C:/Users/starl/Desktop/TopicModelingTool/TopicModelingTool/input/s4e7.txt
3,61,24,file:/C:/Users/starl/Desktop/TopicModelingTool/TopicModelingTool/input/s2e7.txt
3,62,12,file:/C:/Users/starl/Desktop/TopicModelingTool/TopicModelingTool/input/s1e9.txt
4,0,48,file:/C:/Users/starl/Desktop/TopicModelingTool/TopicModelingTool/input/s4e2.txt
4,1,19,file:/C:/Users/starl/Desktop/TopicModelingTool/TopicModelingTool/input/s2e2.txt
4,2,30,file:/C:/Users/starl/Desktop/TopicModelingTool/TopicModelingTool/input/s3e10.txt
4,3,5,file:/C:/Users/starl/Desktop/TopicModelingTool/TopicModelingTool/input/s1e2.txt
4,4,55,file:/C:/Users/starl/Desktop/TopicModelingTool/TopicModelingTool/input/s4e9.txt
4,5,54,file:/C:/Users/starl/Desktop/TopicModelingTool/TopicModelingTool/input/s4e8.txt
4,6,56,file:/C:/Users/starl/Desktop/TopicModelingTool/TopicModelingTool/input/s4spec1.txt
4,7,14,file:/C:/Users/starl/Desktop/TopicModelingTool/TopicModelingTool/input/s2e1.txt
4,8,2,file:/C:/Users/starl/Desktop/TopicModelingTool/TopicModelingTool/input/s1e11.txt
4,9,40,file:/C:/Users/starl/Desktop/TopicModelingTool/TopicModelingTool/input/s3e8.txt
4,10,13,file:/C:/Users/starl/Desktop/TopicModelingTool/TopicModelingTool/input/s1webisode.txt
4,11,0,file:/C:/Users/starl/Desktop/TopicModelingTool/TopicModelingTool/input/s1e1.txt
4,12,28,file:/C:/Users/starl/Desktop/TopicModelingTool/TopicModelingTool/input/s3comicrelief.txt
4,13,41,file:/C:/Users/starl/Desktop/TopicModelingTool/TopicModelingTool/input/s3e9.txt
4,14,52,file:/C:/Users/starl/Desktop/TopicModelingTool/TopicModelingTool/input/s4e6.txt
4,15,25,file:/C:/Users/starl/Desktop/TopicModelingTool/TopicModelingTool/input/s2e8.txt
4,16,10,file:/C:/Users/starl/Desktop/TopicModelingTool/TopicModelingTool/input/s1e7.txt
4,17,45,file:/C:/Users/starl/Desktop/TopicModelingTool/TopicModelingTool/input/s4e11.txt
4,18,36,file:/C:/Users/starl/Desktop/TopicModelingTool/TopicModelingTool/input/s3e4.txt
4,19,11,file:/C:/Users/starl/Desktop/TopicModelingTool/TopicModelingTool/input/s1e8.txt
4,20,null,file:/C:/Users/starl/Desktop/TopicModelingTool/TopicModelingTool/input/test_sorted.txt
4,21,61,file:/C:/Users/starl/Desktop/TopicModelingTool/TopicModelingTool/input/s4xmas.txt
4,22,60,file:/C:/Users/starl/Desktop/TopicModelingTool/TopicModelingTool/input/s4spec5.txt
4,23,59,file:/C:/Users/starl/Desktop/TopicModelingTool/TopicModelingTool/input/s4spec4.txt
4,24,58,file:/C:/Users/starl/Desktop/TopicModelingTool/TopicModelingTool/input/s4spec3.txt
4,25,57,file:/C:/Users/starl/Desktop/TopicModelingTool/TopicModelingTool/input/s4spec2.txt
4,26,53,file:/C:/Users/starl/Desktop/TopicModelingTool/TopicModelingTool/input/s4e7.txt
4,27,51,file:/C:/Users/starl/Desktop/TopicModelingTool/TopicModelingTool/input/s4e5.txt
4,28,50,file:/C:/Users/starl/Desktop/TopicModelingTool/TopicModelingTool/input/s4e4.txt
4,29,49,file:/C:/Users/starl/Desktop/TopicModelingTool/TopicModelingTool/input/s4e3.txt
4,30,47,file:/C:/Users/starl/Desktop/TopicModelingTool/TopicModelingTool/input/s4e13.txt
4,31,46,file:/C:/Users/starl/Desktop/TopicModelingTool/TopicModelingTool/input/s4e12.txt
4,32,44,file:/C:/Users/starl/Desktop/TopicModelingTool/TopicModelingTool/input/s4e10.txt
4,33,43,file:/C:/Users/starl/Desktop/TopicModelingTool/TopicModelingTool/input/s4e1.txt
4,34,42,file:/C:/Users/starl/Desktop/TopicModelingTool/TopicModelingTool/input/s3xmas.txt
4,35,39,file:/C:/Users/starl/Desktop/TopicModelingTool/TopicModelingTool/input/s3e7.txt
4,36,38,file:/C:/Users/starl/Desktop/TopicModelingTool/TopicModelingTool/input/s3e6.txt
4,37,37,file:/C:/Users/starl/Desktop/TopicModelingTool/TopicModelingTool/input/s3e5.txt
4,38,35,file:/C:/Users/starl/Desktop/TopicModelingTool/TopicModelingTool/input/s3e3.txt
4,39,34,file:/C:/Users/starl/Desktop/TopicModelingTool/TopicModelingTool/input/s3e2.txt
4,40,33,file:/C:/Users/starl/Desktop/TopicModelingTool/TopicModelingTool/input/s3e13.txt
4,41,32,file:/C:/Users/starl/Desktop/TopicModelingTool/TopicModelingTool/input/s3e12.txt
4,42,31,file:/C:/Users/starl/Desktop/TopicModelingTool/TopicModelingTool/input/s3e11.txt
4,43,29,file:/C:/Users/starl/Desktop/TopicModelingTool/TopicModelingTool/input/s3e1.txt
4,44,27,file:/C:/Users/starl/Desktop/TopicModelingTool/TopicModelingTool/input/s2xmas.txt
4,45,26,file:/C:/Users/starl/Desktop/TopicModelingTool/TopicModelingTool/input/s2e9.txt
4,46,24,file:/C:/Users/starl/Desktop/TopicModelingTool/TopicModelingTool/input/s2e7.txt
4,47,23,file:/C:/Users/starl/Desktop/TopicModelingTool/TopicModelingTool/input/s2e6.txt
4,48,22,file:/C:/Users/starl/Desktop/TopicModelingTool/TopicModelingTool/input/s2e5.txt
4,49,21,file:/C:/Users/starl/Desktop/TopicModelingTool/TopicModelingTool/input/s2e4.txt
4,50,20,file:/C:/Users/starl/Desktop/TopicModelingTool/TopicModelingTool/input/s2e3.txt
4,51,18,file:/C:/Users/starl/Desktop/TopicModelingTool/TopicModelingTool/input/s2e13.txt
4,52,17,file:/C:/Users/starl/Desktop/TopicModelingTool/TopicModelingTool/input/s2e12.txt
4,53,16,file:/C:/Users/starl/Desktop/TopicModelingTool/TopicModelingTool/input/s2e11.txt
4,54,15,file:/C:/Users/starl/Desktop/TopicModelingTool/TopicModelingTool/input/s2e10.txt
4,55,12,file:/C:/Users/starl/Desktop/TopicModelingTool/TopicModelingTool/input/s1e9.txt
4,56,9,file:/C:/Users/starl/Desktop/TopicModelingTool/TopicModelingTool/input/s1e6.txt
4,57,8,file:/C:/Users/starl/Desktop/TopicModelingTool/TopicModelingTool/input/s1e5.txt
4,58,7,file:/C:/Users/starl/Desktop/TopicModelingTool/TopicModelingTool/input/s1e4.txt
4,59,6,file:/C:/Users/starl/Desktop/TopicModelingTool/TopicModelingTool/input/s1e3.txt
4,60,4,file:/C:/Users/starl/Desktop/TopicModelingTool/TopicModelingTool/input/s1e13.txt
4,61,3,file:/C:/Users/starl/Desktop/TopicModelingTool/TopicModelingTool/input/s1e12.txt
4,62,1,file:/C:/Users/starl/Desktop/TopicModelingTool/TopicModelingTool/input/s1e10.txt
5,0,61,file:/C:/Users/starl/Desktop/TopicModelingTool/TopicModelingTool/input/s4xmas.txt
5,1,27,file:/C:/Users/starl/Desktop/TopicModelingTool/TopicModelingTool/input/s2xmas.txt
5,2,56,file:/C:/Users/starl/Desktop/TopicModelingTool/TopicModelingTool/input/s4spec1.txt
5,3,59,file:/C:/Users/starl/Desktop/TopicModelingTool/TopicModelingTool/input/s4spec4.txt
5,4,42,file:/C:/Users/starl/Desktop/TopicModelingTool/TopicModelingTool/input/s3xmas.txt
5,5,36,file:/C:/Users/starl/Desktop/TopicModelingTool/TopicModelingTool/input/s3e4.txt
5,6,2,file:/C:/Users/starl/Desktop/TopicModelingTool/TopicModelingTool/input/s1e11.txt
5,7,57,file:/C:/Users/starl/Desktop/TopicModelingTool/TopicModelingTool/input/s4spec2.txt
5,8,40,file:/C:/Users/starl/Desktop/TopicModelingTool/TopicModelingTool/input/s3e8.txt
5,9,60,file:/C:/Users/starl/Desktop/TopicModelingTool/TopicModelingTool/input/s4spec5.txt
5,10,38,file:/C:/Users/starl/Desktop/TopicModelingTool/TopicModelingTool/input/s3e6.txt
5,11,47,file:/C:/Users/starl/Desktop/TopicModelingTool/TopicModelingTool/input/s4e13.txt
5,12,34,file:/C:/Users/starl/Desktop/TopicModelingTool/TopicModelingTool/input/s3e2.txt
5,13,58,file:/C:/Users/starl/Desktop/TopicModelingTool/TopicModelingTool/input/s4spec3.txt
5,14,45,file:/C:/Users/starl/Desktop/TopicModelingTool/TopicModelingTool/input/s4e11.txt
5,15,55,file:/C:/Users/starl/Desktop/TopicModelingTool/TopicModelingTool/input/s4e9.txt
5,16,14,file:/C:/Users/starl/Desktop/TopicModelingTool/TopicModelingTool/input/s2e1.txt
5,17,24,file:/C:/Users/starl/Desktop/TopicModelingTool/TopicModelingTool/input/s2e7.txt
5,18,31,file:/C:/Users/starl/Desktop/TopicModelingTool/TopicModelingTool/input/s3e11.txt
5,19,44,file:/C:/Users/starl/Desktop/TopicModelingTool/TopicModelingTool/input/s4e10.txt
5,20,35,file:/C:/Users/starl/Desktop/TopicModelingTool/TopicModelingTool/input/s3e3.txt
5,21,29,file:/C:/Users/starl/Desktop/TopicModelingTool/TopicModelingTool/input/s3e1.txt
5,22,15,file:/C:/Users/starl/Desktop/TopicModelingTool/TopicModelingTool/input/s2e10.txt
5,23,33,file:/C:/Users/starl/Desktop/TopicModelingTool/TopicModelingTool/input/s3e13.txt
5,24,6,file:/C:/Users/starl/Desktop/TopicModelingTool/TopicModelingTool/input/s1e3.txt
5,25,22,file:/C:/Users/starl/Desktop/TopicModelingTool/TopicModelingTool/input/s2e5.txt
5,26,32,file:/C:/Users/starl/Desktop/TopicModelingTool/TopicModelingTool/input/s3e12.txt
5,27,16,file:/C:/Users/starl/Desktop/TopicModelingTool/TopicModelingTool/input/s2e11.txt
5,28,54,file:/C:/Users/starl/Desktop/TopicModelingTool/TopicModelingTool/input/s4e8.txt
5,29,50,file:/C:/Users/starl/Desktop/TopicModelingTool/TopicModelingTool/input/s4e4.txt
5,30,48,file:/C:/Users/starl/Desktop/TopicModelingTool/TopicModelingTool/input/s4e2.txt
5,31,20,file:/C:/Users/starl/Desktop/TopicModelingTool/TopicModelingTool/input/s2e3.txt
5,32,37,file:/C:/Users/starl/Desktop/TopicModelingTool/TopicModelingTool/input/s3e5.txt
5,33,8,file:/C:/Users/starl/Desktop/TopicModelingTool/TopicModelingTool/input/s1e5.txt
5,34,21,file:/C:/Users/starl/Desktop/TopicModelingTool/TopicModelingTool/input/s2e4.txt
5,35,11,file:/C:/Users/starl/Desktop/TopicModelingTool/TopicModelingTool/input/s1e8.txt
5,36,3,file:/C:/Users/starl/Desktop/TopicModelingTool/TopicModelingTool/input/s1e12.txt
5,37,17,file:/C:/Users/starl/Desktop/TopicModelingTool/TopicModelingTool/input/s2e12.txt
5,38,10,file:/C:/Users/starl/Desktop/TopicModelingTool/TopicModelingTool/input/s1e7.txt
5,39,43,file:/C:/Users/starl/Desktop/TopicModelingTool/TopicModelingTool/input/s4e1.txt
5,40,1,file:/C:/Users/starl/Desktop/TopicModelingTool/TopicModelingTool/input/s1e10.txt
5,41,0,file:/C:/Users/starl/Desktop/TopicModelingTool/TopicModelingTool/input/s1e1.txt
5,42,52,file:/C:/Users/starl/Desktop/TopicModelingTool/TopicModelingTool/input/s4e6.txt
5,43,7,file:/C:/Users/starl/Desktop/TopicModelingTool/TopicModelingTool/input/s1e4.txt
5,44,4,file:/C:/Users/starl/Desktop/TopicModelingTool/TopicModelingTool/input/s1e13.txt
5,45,30,file:/C:/Users/starl/Desktop/TopicModelingTool/TopicModelingTool/input/s3e10.txt
5,46,9,file:/C:/Users/starl/Desktop/TopicModelingTool/TopicModelingTool/input/s1e6.txt
5,47,23,file:/C:/Users/starl/Desktop/TopicModelingTool/TopicModelingTool/input/s2e6.txt
5,48,53,file:/C:/Users/starl/Desktop/TopicModelingTool/TopicModelingTool/input/s4e7.txt
5,49,49,file:/C:/Users/starl/Desktop/TopicModelingTool/TopicModelingTool/input/s4e3.txt
5,50,46,file:/C:/Users/starl/Desktop/TopicModelingTool/TopicModelingTool/input/s4e12.txt
5,51,5,file:/C:/Users/starl/Desktop/TopicModelingTool/TopicModelingTool/input/s1e2.txt
5,52,41,file:/C:/Users/starl/Desktop/TopicModelingTool/TopicModelingTool/input/s3e9.txt
5,53,12,file:/C:/Users/starl/Desktop/TopicModelingTool/TopicModelingTool/input/s1e9.txt
5,54,18,file:/C:/Users/starl/Desktop/TopicModelingTool/TopicModelingTool/input/s2e13.txt
5,55,25,file:/C:/Users/starl/Desktop/TopicModelingTool/TopicModelingTool/input/s2e8.txt
5,56,51,file:/C:/Users/starl/Desktop/TopicModelingTool/TopicModelingTool/input/s4e5.txt
5,57,39,file:/C:/Users/starl/Desktop/TopicModelingTool/TopicModelingTool/input/s3e7.txt
5,58,26,file:/C:/Users/starl/Desktop/TopicModelingTool/TopicModelingTool/input/s2e9.txt
5,59,19,file:/C:/Users/starl/Desktop/TopicModelingTool/TopicModelingTool/input/s2e2.txt
5,60,13,file:/C:/Users/starl/Desktop/TopicModelingTool/TopicModelingTool/input/s1webisode.txt
5,61,28,file:/C:/Users/starl/Desktop/TopicModelingTool/TopicModelingTool/input/s3comicrelief.txt
5,62,null,file:/C:/Users/starl/Desktop/TopicModelingTool/TopicModelingTool/input/test_sorted.txt
6,0,34,file:/C:/Users/starl/Desktop/TopicModelingTool/TopicModelingTool/input/s3e2.txt
6,1,21,file:/C:/Users/starl/Desktop/TopicModelingTool/TopicModelingTool/input/s2e4.txt
6,2,44,file:/C:/Users/starl/Desktop/TopicModelingTool/TopicModelingTool/input/s4e10.txt
6,3,49,file:/C:/Users/starl/Desktop/TopicModelingTool/TopicModelingTool/input/s4e3.txt
6,4,59,file:/C:/Users/starl/Desktop/TopicModelingTool/TopicModelingTool/input/s4spec4.txt
6,5,38,file:/C:/Users/starl/Desktop/TopicModelingTool/TopicModelingTool/input/s3e6.txt
6,6,40,file:/C:/Users/starl/Desktop/TopicModelingTool/TopicModelingTool/input/s3e8.txt
6,7,27,file:/C:/Users/starl/Desktop/TopicModelingTool/TopicModelingTool/input/s2xmas.txt
6,8,6,file:/C:/Users/starl/Desktop/TopicModelingTool/TopicModelingTool/input/s1e3.txt
6,9,57,file:/C:/Users/starl/Desktop/TopicModelingTool/TopicModelingTool/input/s4spec2.txt
6,10,41,file:/C:/Users/starl/Desktop/TopicModelingTool/TopicModelingTool/input/s3e9.txt
6,11,52,file:/C:/Users/starl/Desktop/TopicModelingTool/TopicModelingTool/input/s4e6.txt
6,12,24,file:/C:/Users/starl/Desktop/TopicModelingTool/TopicModelingTool/input/s2e7.txt
6,13,55,file:/C:/Users/starl/Desktop/TopicModelingTool/TopicModelingTool/input/s4e9.txt
6,14,36,file:/C:/Users/starl/Desktop/TopicModelingTool/TopicModelingTool/input/s3e4.txt
6,15,18,file:/C:/Users/starl/Desktop/TopicModelingTool/TopicModelingTool/input/s2e13.txt
6,16,null,file:/C:/Users/starl/Desktop/TopicModelingTool/TopicModelingTool/input/test_sorted.txt
6,17,61,file:/C:/Users/starl/Desktop/TopicModelingTool/TopicModelingTool/input/s4xmas.txt
6,18,60,file:/C:/Users/starl/Desktop/TopicModelingTool/TopicModelingTool/input/s4spec5.txt
6,19,58,file:/C:/Users/starl/Desktop/TopicModelingTool/TopicModelingTool/input/s4spec3.txt
6,20,56,file:/C:/Users/starl/Desktop/TopicModelingTool/TopicModelingTool/input/s4spec1.txt
6,21,54,file:/C:/Users/starl/Desktop/TopicModelingTool/TopicModelingTool/input/s4e8.txt
6,22,53,file:/C:/Users/starl/Desktop/TopicModelingTool/TopicModelingTool/input/s4e7.txt
6,23,51,file:/C:/Users/starl/Desktop/TopicModelingTool/TopicModelingTool/input/s4e5.txt
6,24,50,file:/C:/Users/starl/Desktop/TopicModelingTool/TopicModelingTool/input/s4e4.txt
6,25,48,file:/C:/Users/starl/Desktop/TopicModelingTool/TopicModelingTool/input/s4e2.txt
6,26,47,file:/C:/Users/starl/Desktop/TopicModelingTool/TopicModelingTool/input/s4e13.txt
6,27,46,file:/C:/Users/starl/Desktop/TopicModelingTool/TopicModelingTool/input/s4e12.txt
6,28,45,file:/C:/Users/starl/Desktop/TopicModelingTool/TopicModelingTool/input/s4e11.txt
6,29,43,file:/C:/Users/starl/Desktop/TopicModelingTool/TopicModelingTool/input/s4e1.txt
6,30,42,file:/C:/Users/starl/Desktop/TopicModelingTool/TopicModelingTool/input/s3xmas.txt
6,31,39,file:/C:/Users/starl/Desktop/TopicModelingTool/TopicModelingTool/input/s3e7.txt
6,32,37,file:/C:/Users/starl/Desktop/TopicModelingTool/TopicModelingTool/input/s3e5.txt
6,33,35,file:/C:/Users/starl/Desktop/TopicModelingTool/TopicModelingTool/input/s3e3.txt
6,34,33,file:/C:/Users/starl/Desktop/TopicModelingTool/TopicModelingTool/input/s3e13.txt
6,35,32,file:/C:/Users/starl/Desktop/TopicModelingTool/TopicModelingTool/input/s3e12.txt
6,36,31,file:/C:/Users/starl/Desktop/TopicModelingTool/TopicModelingTool/input/s3e11.txt
6,37,30,file:/C:/Users/starl/Desktop/TopicModelingTool/TopicModelingTool/input/s3e10.txt
6,38,29,file:/C:/Users/starl/Desktop/TopicModelingTool/TopicModelingTool/input/s3e1.txt
6,39,28,file:/C:/Users/starl/Desktop/TopicModelingTool/TopicModelingTool/input/s3comicrelief.txt
6,40,26,file:/C:/Users/starl/Desktop/TopicModelingTool/TopicModelingTool/input/s2e9.txt
6,41,25,file:/C:/Users/starl/Desktop/TopicModelingTool/TopicModelingTool/input/s2e8.txt
6,42,23,file:/C:/Users/starl/Desktop/TopicModelingTool/TopicModelingTool/input/s2e6.txt
6,43,22,file:/C:/Users/starl/Desktop/TopicModelingTool/TopicModelingTool/input/s2e5.txt
6,44,20,file:/C:/Users/starl/Desktop/TopicModelingTool/TopicModelingTool/input/s2e3.txt
6,45,19,file:/C:/Users/starl/Desktop/TopicModelingTool/TopicModelingTool/input/s2e2.txt
6,46,17,file:/C:/Users/starl/Desktop/TopicModelingTool/TopicModelingTool/input/s2e12.txt
6,47,16,file:/C:/Users/starl/Desktop/TopicModelingTool/TopicModelingTool/input/s2e11.txt
6,48,15,file:/C:/Users/starl/Desktop/TopicModelingTool/TopicModelingTool/input/s2e10.txt
6,49,14,file:/C:/Users/starl/Desktop/TopicModelingTool/TopicModelingTool/input/s2e1.txt
6,50,13,file:/C:/Users/starl/Desktop/TopicModelingTool/TopicModelingTool/input/s1webisode.txt
6,51,12,file:/C:/Users/starl/Desktop/TopicModelingTool/TopicModelingTool/input/s1e9.txt
6,52,11,file:/C:/Users/starl/Desktop/TopicModelingTool/TopicModelingTool/input/s1e8.txt
6,53,10,file:/C:/Users/starl/Desktop/TopicModelingTool/TopicModelingTool/input/s1e7.txt
6,54,9,file:/C:/Users/starl/Desktop/TopicModelingTool/TopicModelingTool/input/s1e6.txt
6,55,8,file:/C:/Users/starl/Desktop/TopicModelingTool/TopicModelingTool/input/s1e5.txt
6,56,7,file:/C:/Users/starl/Desktop/TopicModelingTool/TopicModelingTool/input/s1e4.txt
6,57,5,file:/C:/Users/starl/Desktop/TopicModelingTool/TopicModelingTool/input/s1e2.txt
6,58,4,file:/C:/Users/starl/Desktop/TopicModelingTool/TopicModelingTool/input/s1e13.txt
6,59,3,file:/C:/Users/starl/Desktop/TopicModelingTool/TopicModelingTool/input/s1e12.txt
6,60,2,file:/C:/Users/starl/Desktop/TopicModelingTool/TopicModelingTool/input/s1e11.txt
6,61,1,file:/C:/Users/starl/Desktop/TopicModelingTool/TopicModelingTool/input/s1e10.txt
6,62,0,file:/C:/Users/starl/Desktop/TopicModelingTool/TopicModelingTool/input/s1e1.txt
7,0,47,file:/C:/Users/starl/Desktop/TopicModelingTool/TopicModelingTool/input/s4e13.txt
7,1,46,file:/C:/Users/starl/Desktop/TopicModelingTool/TopicModelingTool/input/s4e12.txt
7,2,18,file:/C:/Users/starl/Desktop/TopicModelingTool/TopicModelingTool/input/s2e13.txt
7,3,56,file:/C:/Users/starl/Desktop/TopicModelingTool/TopicModelingTool/input/s4spec1.txt
7,4,17,file:/C:/Users/starl/Desktop/TopicModelingTool/TopicModelingTool/input/s2e12.txt
7,5,37,file:/C:/Users/starl/Desktop/TopicModelingTool/TopicModelingTool/input/s3e5.txt
7,6,36,file:/C:/Users/starl/Desktop/TopicModelingTool/TopicModelingTool/input/s3e4.txt
7,7,23,file:/C:/Users/starl/Desktop/TopicModelingTool/TopicModelingTool/input/s2e6.txt
7,8,4,file:/C:/Users/starl/Desktop/TopicModelingTool/TopicModelingTool/input/s1e13.txt
7,9,22,file:/C:/Users/starl/Desktop/TopicModelingTool/TopicModelingTool/input/s2e5.txt
7,10,9,file:/C:/Users/starl/Desktop/TopicModelingTool/TopicModelingTool/input/s1e6.txt
7,11,28,file:/C:/Users/starl/Desktop/TopicModelingTool/TopicModelingTool/input/s3comicrelief.txt
7,12,60,file:/C:/Users/starl/Desktop/TopicModelingTool/TopicModelingTool/input/s4spec5.txt
7,13,34,file:/C:/Users/starl/Desktop/TopicModelingTool/TopicModelingTool/input/s3e2.txt
7,14,15,file:/C:/Users/starl/Desktop/TopicModelingTool/TopicModelingTool/input/s2e10.txt
7,15,57,file:/C:/Users/starl/Desktop/TopicModelingTool/TopicModelingTool/input/s4spec2.txt
7,16,3,file:/C:/Users/starl/Desktop/TopicModelingTool/TopicModelingTool/input/s1e12.txt
7,17,40,file:/C:/Users/starl/Desktop/TopicModelingTool/TopicModelingTool/input/s3e8.txt
7,18,33,file:/C:/Users/starl/Desktop/TopicModelingTool/TopicModelingTool/input/s3e13.txt
7,19,38,file:/C:/Users/starl/Desktop/TopicModelingTool/TopicModelingTool/input/s3e6.txt
7,20,20,file:/C:/Users/starl/Desktop/TopicModelingTool/TopicModelingTool/input/s2e3.txt
7,21,8,file:/C:/Users/starl/Desktop/TopicModelingTool/TopicModelingTool/input/s1e5.txt
7,22,61,file:/C:/Users/starl/Desktop/TopicModelingTool/TopicModelingTool/input/s4xmas.txt
7,23,45,file:/C:/Users/starl/Desktop/TopicModelingTool/TopicModelingTool/input/s4e11.txt
7,24,52,file:/C:/Users/starl/Desktop/TopicModelingTool/TopicModelingTool/input/s4e6.txt
7,25,51,file:/C:/Users/starl/Desktop/TopicModelingTool/TopicModelingTool/input/s4e5.txt
7,26,55,file:/C:/Users/starl/Desktop/TopicModelingTool/TopicModelingTool/input/s4e9.txt
7,27,7,file:/C:/Users/starl/Desktop/TopicModelingTool/TopicModelingTool/input/s1e4.txt
7,28,5,file:/C:/Users/starl/Desktop/TopicModelingTool/TopicModelingTool/input/s1e2.txt
7,29,0,file:/C:/Users/starl/Desktop/TopicModelingTool/TopicModelingTool/input/s1e1.txt
7,30,null,file:/C:/Users/starl/Desktop/TopicModelingTool/TopicModelingTool/input/test_sorted.txt
7,31,59,file:/C:/Users/starl/Desktop/TopicModelingTool/TopicModelingTool/input/s4spec4.txt
7,32,58,file:/C:/Users/starl/Desktop/TopicModelingTool/TopicModelingTool/input/s4spec3.txt
7,33,54,file:/C:/Users/starl/Desktop/TopicModelingTool/TopicModelingTool/input/s4e8.txt
7,34,53,file:/C:/Users/starl/Desktop/TopicModelingTool/TopicModelingTool/input/s4e7.txt
7,35,50,file:/C:/Users/starl/Desktop/TopicModelingTool/TopicModelingTool/input/s4e4.txt
7,36,49,file:/C:/Users/starl/Desktop/TopicModelingTool/TopicModelingTool/input/s4e3.txt
7,37,48,file:/C:/Users/starl/Desktop/TopicModelingTool/TopicModelingTool/input/s4e2.txt
7,38,44,file:/C:/Users/starl/Desktop/TopicModelingTool/TopicModelingTool/input/s4e10.txt
7,39,43,file:/C:/Users/starl/Desktop/TopicModelingTool/TopicModelingTool/input/s4e1.txt
7,40,42,file:/C:/Users/starl/Desktop/TopicModelingTool/TopicModelingTool/input/s3xmas.txt
7,41,41,file:/C:/Users/starl/Desktop/TopicModelingTool/TopicModelingTool/input/s3e9.txt
7,42,39,file:/C:/Users/starl/Desktop/TopicModelingTool/TopicModelingTool/input/s3e7.txt
7,43,35,file:/C:/Users/starl/Desktop/TopicModelingTool/TopicModelingTool/input/s3e3.txt
7,44,32,file:/C:/Users/starl/Desktop/TopicModelingTool/TopicModelingTool/input/s3e12.txt
7,45,31,file:/C:/Users/starl/Desktop/TopicModelingTool/TopicModelingTool/input/s3e11.txt
7,46,30,file:/C:/Users/starl/Desktop/TopicModelingTool/TopicModelingTool/input/s3e10.txt
7,47,29,file:/C:/Users/starl/Desktop/TopicModelingTool/TopicModelingTool/input/s3e1.txt
7,48,27,file:/C:/Users/starl/Desktop/TopicModelingTool/TopicModelingTool/input/s2xmas.txt
7,49,26,file:/C:/Users/starl/Desktop/TopicModelingTool/TopicModelingTool/input/s2e9.txt
7,50,25,file:/C:/Users/starl/Desktop/TopicModelingTool/TopicModelingTool/input/s2e8.txt
7,51,24,file:/C:/Users/starl/Desktop/TopicModelingTool/TopicModelingTool/input/s2e7.txt
7,52,21,file:/C:/Users/starl/Desktop/TopicModelingTool/TopicModelingTool/input/s2e4.txt
7,53,19,file:/C:/Users/starl/Desktop/TopicModelingTool/TopicModelingTool/input/s2e2.txt
7,54,16,file:/C:/Users/starl/Desktop/TopicModelingTool/TopicModelingTool/input/s2e11.txt
7,55,14,file:/C:/Users/starl/Desktop/TopicModelingTool/TopicModelingTool/input/s2e1.txt
7,56,13,file:/C:/Users/starl/Desktop/TopicModelingTool/TopicModelingTool/input/s1webisode.txt
7,57,12,file:/C:/Users/starl/Desktop/TopicModelingTool/TopicModelingTool/input/s1e9.txt
7,58,11,file:/C:/Users/starl/Desktop/TopicModelingTool/TopicModelingTool/input/s1e8.txt
7,59,10,file:/C:/Users/starl/Desktop/TopicModelingTool/TopicModelingTool/input/s1e7.txt
7,60,6,file:/C:/Users/starl/Desktop/TopicModelingTool/TopicModelingTool/input/s1e3.txt
7,61,2,file:/C:/Users/starl/Desktop/TopicModelingTool/TopicModelingTool/input/s1e11.txt
7,62,1,file:/C:/Users/starl/Desktop/TopicModelingTool/TopicModelingTool/input/s1e10.txt
8,0,3,file:/C:/Users/starl/Desktop/TopicModelingTool/TopicModelingTool/input/s1e12.txt
8,1,1,file:/C:/Users/starl/Desktop/TopicModelingTool/TopicModelingTool/input/s1e10.txt
8,2,12,file:/C:/Users/starl/Desktop/TopicModelingTool/TopicModelingTool/input/s1e9.txt
8,3,2,file:/C:/Users/starl/Desktop/TopicModelingTool/TopicModelingTool/input/s1e11.txt
8,4,58,file:/C:/Users/starl/Desktop/TopicModelingTool/TopicModelingTool/input/s4spec3.txt
8,5,52,file:/C:/Users/starl/Desktop/TopicModelingTool/TopicModelingTool/input/s4e6.txt
8,6,28,file:/C:/Users/starl/Desktop/TopicModelingTool/TopicModelingTool/input/s3comicrelief.txt
8,7,7,file:/C:/Users/starl/Desktop/TopicModelingTool/TopicModelingTool/input/s1e4.txt
8,8,29,file:/C:/Users/starl/Desktop/TopicModelingTool/TopicModelingTool/input/s3e1.txt
8,9,6,file:/C:/Users/starl/Desktop/TopicModelingTool/TopicModelingTool/input/s1e3.txt
8,10,32,file:/C:/Users/starl/Desktop/TopicModelingTool/TopicModelingTool/input/s3e12.txt
8,11,38,file:/C:/Users/starl/Desktop/TopicModelingTool/TopicModelingTool/input/s3e6.txt
8,12,31,file:/C:/Users/starl/Desktop/TopicModelingTool/TopicModelingTool/input/s3e11.txt
8,13,42,file:/C:/Users/starl/Desktop/TopicModelingTool/TopicModelingTool/input/s3xmas.txt
8,14,47,file:/C:/Users/starl/Desktop/TopicModelingTool/TopicModelingTool/input/s4e13.txt
8,15,4,file:/C:/Users/starl/Desktop/TopicModelingTool/TopicModelingTool/input/s1e13.txt
8,16,13,file:/C:/Users/starl/Desktop/TopicModelingTool/TopicModelingTool/input/s1webisode.txt
8,17,33,file:/C:/Users/starl/Desktop/TopicModelingTool/TopicModelingTool/input/s3e13.txt
8,18,24,file:/C:/Users/starl/Desktop/TopicModelingTool/TopicModelingTool/input/s2e7.txt
8,19,19,file:/C:/Users/starl/Desktop/TopicModelingTool/TopicModelingTool/input/s2e2.txt
8,20,10,file:/C:/Users/starl/Desktop/TopicModelingTool/TopicModelingTool/input/s1e7.txt
8,21,null,file:/C:/Users/starl/Desktop/TopicModelingTool/TopicModelingTool/input/test_sorted.txt
8,22,61,file:/C:/Users/starl/Desktop/TopicModelingTool/TopicModelingTool/input/s4xmas.txt
8,23,60,file:/C:/Users/starl/Desktop/TopicModelingTool/TopicModelingTool/input/s4spec5.txt
8,24,59,file:/C:/Users/starl/Desktop/TopicModelingTool/TopicModelingTool/input/s4spec4.txt
8,25,57,file:/C:/Users/starl/Desktop/TopicModelingTool/TopicModelingTool/input/s4spec2.txt
8,26,56,file:/C:/Users/starl/Desktop/TopicModelingTool/TopicModelingTool/input/s4spec1.txt
8,27,55,file:/C:/Users/starl/Desktop/TopicModelingTool/TopicModelingTool/input/s4e9.txt
8,28,54,file:/C:/Users/starl/Desktop/TopicModelingTool/TopicModelingTool/input/s4e8.txt
8,29,53,file:/C:/Users/starl/Desktop/TopicModelingTool/TopicModelingTool/input/s4e7.txt
8,30,51,file:/C:/Users/starl/Desktop/TopicModelingTool/TopicModelingTool/input/s4e5.txt
8,31,50,file:/C:/Users/starl/Desktop/TopicModelingTool/TopicModelingTool/input/s4e4.txt
8,32,49,file:/C:/Users/starl/Desktop/TopicModelingTool/TopicModelingTool/input/s4e3.txt
8,33,48,file:/C:/Users/starl/Desktop/TopicModelingTool/TopicModelingTool/input/s4e2.txt
8,34,46,file:/C:/Users/starl/Desktop/TopicModelingTool/TopicModelingTool/input/s4e12.txt
8,35,45,file:/C:/Users/starl/Desktop/TopicModelingTool/TopicModelingTool/input/s4e11.txt
8,36,44,file:/C:/Users/starl/Desktop/TopicModelingTool/TopicModelingTool/input/s4e10.txt
8,37,43,file:/C:/Users/starl/Desktop/TopicModelingTool/TopicModelingTool/input/s4e1.txt
8,38,41,file:/C:/Users/starl/Desktop/TopicModelingTool/TopicModelingTool/input/s3e9.txt
8,39,40,file:/C:/Users/starl/Desktop/TopicModelingTool/TopicModelingTool/input/s3e8.txt
8,40,39,file:/C:/Users/starl/Desktop/TopicModelingTool/TopicModelingTool/input/s3e7.txt
8,41,37,file:/C:/Users/starl/Desktop/TopicModelingTool/TopicModelingTool/input/s3e5.txt
8,42,36,file:/C:/Users/starl/Desktop/TopicModelingTool/TopicModelingTool/input/s3e4.txt
8,43,35,file:/C:/Users/starl/Desktop/TopicModelingTool/TopicModelingTool/input/s3e3.txt
8,44,34,file:/C:/Users/starl/Desktop/TopicModelingTool/TopicModelingTool/input/s3e2.txt
8,45,30,file:/C:/Users/starl/Desktop/TopicModelingTool/TopicModelingTool/input/s3e10.txt
8,46,27,file:/C:/Users/starl/Desktop/TopicModelingTool/TopicModelingTool/input/s2xmas.txt
8,47,26,file:/C:/Users/starl/Desktop/TopicModelingTool/TopicModelingTool/input/s2e9.txt
8,48,25,file:/C:/Users/starl/Desktop/TopicModelingTool/TopicModelingTool/input/s2e8.txt
8,49,23,file:/C:/Users/starl/Desktop/TopicModelingTool/TopicModelingTool/input/s2e6.txt
8,50,22,file:/C:/Users/starl/Desktop/TopicModelingTool/TopicModelingTool/input/s2e5.txt
8,51,21,file:/C:/Users/starl/Desktop/TopicModelingTool/TopicModelingTool/input/s2e4.txt
8,52,20,file:/C:/Users/starl/Desktop/TopicModelingTool/TopicModelingTool/input/s2e3.txt
8,53,18,file:/C:/Users/starl/Desktop/TopicModelingTool/TopicModelingTool/input/s2e13.txt
8,54,17,file:/C:/Users/starl/Desktop/TopicModelingTool/TopicModelingTool/input/s2e12.txt
8,55,16,file:/C:/Users/starl/Desktop/TopicModelingTool/TopicModelingTool/input/s2e11.txt
8,56,15,file:/C:/Users/starl/Desktop/TopicModelingTool/TopicModelingTool/input/s2e10.txt
8,57,14,file:/C:/Users/starl/Desktop/TopicModelingTool/TopicModelingTool/input/s2e1.txt
8,58,11,file:/C:/Users/starl/Desktop/TopicModelingTool/TopicModelingTool/input/s1e8.txt
8,59,9,file:/C:/Users/starl/Desktop/TopicModelingTool/TopicModelingTool/input/s1e6.txt
8,60,8,file:/C:/Users/starl/Desktop/TopicModelingTool/TopicModelingTool/input/s1e5.txt
8,61,5,file:/C:/Users/starl/Desktop/TopicModelingTool/TopicModelingTool/input/s1e2.txt
8,62,0,file:/C:/Users/starl/Desktop/TopicModelingTool/TopicModelingTool/input/s1e1.txt
9,0,53,file:/C:/Users/starl/Desktop/TopicModelingTool/TopicModelingTool/input/s4e7.txt
9,1,16,file:/C:/Users/starl/Desktop/TopicModelingTool/TopicModelingTool/input/s2e11.txt
9,2,24,file:/C:/Users/starl/Desktop/TopicModelingTool/TopicModelingTool/input/s2e7.txt
9,3,43,file:/C:/Users/starl/Desktop/TopicModelingTool/TopicModelingTool/input/s4e1.txt
9,4,20,file:/C:/Users/starl/Desktop/TopicModelingTool/TopicModelingTool/input/s2e3.txt
9,5,15,file:/C:/Users/starl/Desktop/TopicModelingTool/TopicModelingTool/input/s2e10.txt
9,6,22,file:/C:/Users/starl/Desktop/TopicModelingTool/TopicModelingTool/input/s2e5.txt
9,7,19,file:/C:/Users/starl/Desktop/TopicModelingTool/TopicModelingTool/input/s2e2.txt
9,8,40,file:/C:/Users/starl/Desktop/TopicModelingTool/TopicModelingTool/input/s3e8.txt
9,9,32,file:/C:/Users/starl/Desktop/TopicModelingTool/TopicModelingTool/input/s3e12.txt
9,10,27,file:/C:/Users/starl/Desktop/TopicModelingTool/TopicModelingTool/input/s2xmas.txt
9,11,25,file:/C:/Users/starl/Desktop/TopicModelingTool/TopicModelingTool/input/s2e8.txt
9,12,57,file:/C:/Users/starl/Desktop/TopicModelingTool/TopicModelingTool/input/s4spec2.txt
9,13,6,file:/C:/Users/starl/Desktop/TopicModelingTool/TopicModelingTool/input/s1e3.txt
9,14,44,file:/C:/Users/starl/Desktop/TopicModelingTool/TopicModelingTool/input/s4e10.txt
9,15,31,file:/C:/Users/starl/Desktop/TopicModelingTool/TopicModelingTool/input/s3e11.txt
9,16,13,file:/C:/Users/starl/Desktop/TopicModelingTool/TopicModelingTool/input/s1webisode.txt
9,17,61,file:/C:/Users/starl/Desktop/TopicModelingTool/TopicModelingTool/input/s4xmas.txt
9,18,55,file:/C:/Users/starl/Desktop/TopicModelingTool/TopicModelingTool/input/s4e9.txt
9,19,18,file:/C:/Users/starl/Desktop/TopicModelingTool/TopicModelingTool/input/s2e13.txt
9,20,null,file:/C:/Users/starl/Desktop/TopicModelingTool/TopicModelingTool/input/test_sorted.txt
9,21,60,file:/C:/Users/starl/Desktop/TopicModelingTool/TopicModelingTool/input/s4spec5.txt
9,22,59,file:/C:/Users/starl/Desktop/TopicModelingTool/TopicModelingTool/input/s4spec4.txt
9,23,58,file:/C:/Users/starl/Desktop/TopicModelingTool/TopicModelingTool/input/s4spec3.txt
9,24,56,file:/C:/Users/starl/Desktop/TopicModelingTool/TopicModelingTool/input/s4spec1.txt
9,25,54,file:/C:/Users/starl/Desktop/TopicModelingTool/TopicModelingTool/input/s4e8.txt
9,26,52,file:/C:/Users/starl/Desktop/TopicModelingTool/TopicModelingTool/input/s4e6.txt
9,27,51,file:/C:/Users/starl/Desktop/TopicModelingTool/TopicModelingTool/input/s4e5.txt
9,28,50,file:/C:/Users/starl/Desktop/TopicModelingTool/TopicModelingTool/input/s4e4.txt
9,29,49,file:/C:/Users/starl/Desktop/TopicModelingTool/TopicModelingTool/input/s4e3.txt
9,30,48,file:/C:/Users/starl/Desktop/TopicModelingTool/TopicModelingTool/input/s4e2.txt
9,31,47,file:/C:/Users/starl/Desktop/TopicModelingTool/TopicModelingTool/input/s4e13.txt
9,32,46,file:/C:/Users/starl/Desktop/TopicModelingTool/TopicModelingTool/input/s4e12.txt
9,33,45,file:/C:/Users/starl/Desktop/TopicModelingTool/TopicModelingTool/input/s4e11.txt
9,34,42,file:/C:/Users/starl/Desktop/TopicModelingTool/TopicModelingTool/input/s3xmas.txt
9,35,41,file:/C:/Users/starl/Desktop/TopicModelingTool/TopicModelingTool/input/s3e9.txt
9,36,39,file:/C:/Users/starl/Desktop/TopicModelingTool/TopicModelingTool/input/s3e7.txt
9,37,38,file:/C:/Users/starl/Desktop/TopicModelingTool/TopicModelingTool/input/s3e6.txt
9,38,37,file:/C:/Users/starl/Desktop/TopicModelingTool/TopicModelingTool/input/s3e5.txt
9,39,36,file:/C:/Users/starl/Desktop/TopicModelingTool/TopicModelingTool/input/s3e4.txt
9,40,35,file:/C:/Users/starl/Desktop/TopicModelingTool/TopicModelingTool/input/s3e3.txt
9,41,34,file:/C:/Users/starl/Desktop/TopicModelingTool/TopicModelingTool/input/s3e2.txt
9,42,33,file:/C:/Users/starl/Desktop/TopicModelingTool/TopicModelingTool/input/s3e13.txt
9,43,30,file:/C:/Users/starl/Desktop/TopicModelingTool/TopicModelingTool/input/s3e10.txt
9,44,29,file:/C:/Users/starl/Desktop/TopicModelingTool/TopicModelingTool/input/s3e1.txt
9,45,28,file:/C:/Users/starl/Desktop/TopicModelingTool/TopicModelingTool/input/s3comicrelief.txt
9,46,26,file:/C:/Users/starl/Desktop/TopicModelingTool/TopicModelingTool/input/s2e9.txt
9,47,23,file:/C:/Users/starl/Desktop/TopicModelingTool/TopicModelingTool/input/s2e6.txt
9,48,21,file:/C:/Users/starl/Desktop/TopicModelingTool/TopicModelingTool/input/s2e4.txt
9,49,17,file:/C:/Users/starl/Desktop/TopicModelingTool/TopicModelingTool/input/s2e12.txt
9,50,14,file:/C:/Users/starl/Desktop/TopicModelingTool/TopicModelingTool/input/s2e1.txt
9,51,12,file:/C:/Users/starl/Desktop/TopicModelingTool/TopicModelingTool/input/s1e9.txt
9,52,11,file:/C:/Users/starl/Desktop/TopicModelingTool/TopicModelingTool/input/s1e8.txt
9,53,10,file:/C:/Users/starl/Desktop/TopicModelingTool/TopicModelingTool/input/s1e7.txt
9,54,9,file:/C:/Users/starl/Desktop/TopicModelingTool/TopicModelingTool/input/s1e6.txt
9,55,8,file:/C:/Users/starl/Desktop/TopicModelingTool/TopicModelingTool/input/s1e5.txt
9,56,7,file:/C:/Users/starl/Desktop/TopicModelingTool/TopicModelingTool/input/s1e4.txt
9,57,5,file:/C:/Users/starl/Desktop/TopicModelingTool/TopicModelingTool/input/s1e2.txt
9,58,4,file:/C:/Users/starl/Desktop/TopicModelingTool/TopicModelingTool/input/s1e13.txt
9,59,3,file:/C:/Users/starl/Desktop/TopicModelingTool/TopicModelingTool/input/s1e12.txt
9,60,2,file:/C:/Users/starl/Desktop/TopicModelingTool/TopicModelingTool/input/s1e11.txt
9,61,1,file:/C:/Users/starl/Desktop/TopicModelingTool/TopicModelingTool/input/s1e10.txt
9,62,0,file:/C:/Users/starl/Desktop/TopicModelingTool/TopicModelingTool/input/s1e1.txt
